survey_date,enumerator_id,district,district_id,school_name,school_id,child_id,student_name,age,gender,student_grade,school_meal_subsidy,school_meal_subsidy_otherspec,subsidy_start_date,eg_math_score,eg_reading_score,survey_duration
2024-09-24,ENUMERATOR #0,Ngorongoro,5,Mbuyuni Primary,505,1,STUDENT | TQP CU,6,MALE,2,FULLY SUBSIDISED MEALS,,,80,83,37
2024-09-23,ENUMERATOR #0,Ngorongoro,5,Mbuyuni Primary,505,2,STUDENT | QAY VT,7,Male,2,Other (Specify),Partially subsidised,,57,80,42
2024-09-23,ENUMERATOR #0,Ngorongoro,5,Mbuyuni Primary,505,3,STUDENT | AKI DG,7,female,2,NO SUBSIDY,,,58,64,45
2024-09-24,ENUMERATOR #0,Monduli,4,Uhuru Primary,4088,4,STUDENT | PPE ZC,8,Male,2,Other (Specify),Partially subsidised,,56,79,53
2024-09-23,ENUMERATOR #0,Ngorongoro,5,Mbuyuni Primary,505,5,STUDENT | VLQ EP,7,female,2,NO SUBSIDY,,,54,59,36
2024-09-23,ENUMERATOR #0,Ngorongoro,5,Jirani Primary,502,6,STUDENT | VOQ BQ,7,female,2,NO SUBSIDY,,,92,86,35
2024-09-24,ENUMERATOR #0,Ngorongoro,5,Mbuyuni Primary,505,7,STUDENT | EML OA,7,female,2,FULLY SUBSIDISED MEALS,,,69,49,44
2024-09-23,ENUMERATOR #0,Ngorongoro,5,Jirani Primary,502,8,STUDENT | GET RW,8,Female,2,FULLY SUBSIDISED MEALS,,26-Apr-2424,50,67,49
2024-09-24,ENUMERATOR #0,Monduli,4,Watu_wa_Mungu Primary,410,9,STUDENT | UIL DT,8,FEMALE,2,NO SUBSIDY,,,76,53,45
2024-09-23,ENUMERATOR #0,Monduli,4,Uhuru Primary,4088,10,STUDENT | PUM RD,6,Female,2,NO SUBSIDY,,08-Aug-2424,36,70,50
2024-09-24,ENUMERATOR #1,Monduli,4,Watu_wa_Mungu Primary,410,11,STUDENT | VTA HS,7,female,2,NO SUBSIDY,,,55,57,40
2024-09-24,ENUMERATOR #1,Ngorongoro,5,Mbuyuni Primary,505,12,STUDENT | JQA PE,8,Male,2,NO SUBSIDY,,,36,73,55
2024-09-24,ENUMERATOR #1,Monduli,4,Watu_wa_Mungu Primary,410,13,STUDENT | XQK CP,9,Female,3,FULLY SUBSIDISED MEALS,,,48,81,48
2024-09-24,ENUMERATOR #1,Ngorongoro,5,Jirani Primary,502,14,STUDENT | HAP YP,7,FEMALE,2,NO SUBSIDY,,25-Feb-2424,44,58,40
2024-09-23,ENUMERATOR #1,Ngorongoro,5,Jirani Primary,502,15,STUDENT | KXK TB,6,Male,2,FULLY SUBSIDISED MEALS,,,54,63,54
2024-09-23,ENUMERATOR #1,Ngorongoro,5,Mbuyuni Primary,505,16,STUDENT | EOG CM,6,Male,2,FULLY SUBSIDISED MEALS,,,46,78,54
2024-09-24,ENUMERATOR #1,Monduli,4,Watu_wa_Mungu Primary,410,17,STUDENT | BUU XR,9,FEMALE,3,FULLY SUBSIDISED MEALS,,,39,74,51
2024-09-23,ENUMERATOR #1,Ngorongoro,5,Mbuyuni Primary,505,18,STUDENT | BAE NM,9,Female,3,FULLY SUBSIDISED MEALS,,,59,70,46
2024-09-23,ENUMERATOR #1,Ngorongoro,5,Mbuyuni Primary,505,19,STUDENT | ZKB SU,6,Male,2,FULLY SUBSIDISED MEALS,,,46,83,37
2024-09-23,ENUMERATOR #2,Monduli,4,Usalama Primary,409,21,STUDENT | NJM XY,10,Female,3,NO SUBSIDY,,,81,67,41
2024-09-24,ENUMERATOR #2,Monduli,4,Uhuru Primary,4088,22,STUDENT | KKB XT,8,Male,2,NO SUBSIDY,,01-Aug-2424,89,57,41
2024-09-24,ENUMERATOR #2,Monduli,4,Uhuru Primary,4088,23,STUDENT | NWO VW,8,FEMALE,2,NO SUBSIDY,,,82,70,51
2024-09-23,ENUMERATOR #2,Monduli,4,Uhuru Primary,4088,24,STUDENT | MJA GX,9,MALE,3,NO SUBSIDY,,,64,77,41
2024-09-23,ENUMERATOR #2,Ngorongoro,5,Mbuyuni Primary,505,25,STUDENT | VNK HI,7,Female,2,NO SUBSIDY,,,69,51,42
2024-09-23,ENUMERATOR #2,Monduli,4,Usalama Primary,409,26,STUDENT | OQM KS,6,female,2,FULLY SUBSIDISED MEALS,,04-Sep-2323,84,80,46
2024-09-23,ENUMERATOR #2,Monduli,4,Uhuru Primary,4088,27,STUDENT | IAW BF,9,Male,3,NO SUBSIDY,,,71,65,46
2024-09-24,ENUMERATOR #2,Monduli,4,Watu_wa_Mungu Primary,410,28,STUDENT | QWN OL,7,FEMALE,2,NO SUBSIDY,,,66,59,37
2024-09-24,ENUMERATOR #2,Monduli,4,Uhuru Primary,4088,29,STUDENT | AQD HP,10,FEMALE,3,NO SUBSIDY,,,27,59,36
2024-09-24,ENUMERATOR #2,Ngorongoro,5,Mbuyuni Primary,505,30,STUDENT | YTM NA,7,Male,2,Other (Specify),Partially subsidised,,42,64,47
2024-09-23,ENUMERATOR #3,Ngorongoro,5,Mbuyuni Primary,505,31,STUDENT | GPK JT,8,female,2,NO SUBSIDY,,,52,67,15
2024-09-24,ENUMERATOR #3,Monduli,4,Watu_wa_Mungu Primary,410,32,STUDENT | BFL BZ,9,female,3,FULLY SUBSIDISED MEALS,,,74,59,30
2024-09-23,ENUMERATOR #3,Ngorongoro,5,Jirani Primary,502,33,STUDENT | MIA IJ,7,Female,2,FULLY SUBSIDISED MEALS,,,63,74,24
2024-09-24,ENUMERATOR #3,Monduli,4,Uhuru Primary,4088,34,STUDENT | NTF CD,9,Female,3,NO SUBSIDY,,09-Apr-2424,51,71,35
2024-09-23,ENUMERATOR #3,Monduli,4,Watu_wa_Mungu Primary,410,35,STUDENT | TWA XA,9,MALE,3,FULLY SUBSIDISED MEALS,,,90,68,28
2024-09-23,ENUMERATOR #3,Ngorongoro,5,Mbuyuni Primary,505,36,STUDENT | MIV RW,7,female,2,NO SUBSIDY,,,61,55,20
2024-09-24,ENUMERATOR #3,Monduli,4,Usalama Primary,409,37,STUDENT | QRE BA,7,Male,2,FULLY SUBSIDISED MEALS,,,65,58,25
2024-09-23,ENUMERATOR #3,Monduli,4,Usalama Primary,409,38,STUDENT | UOJ NF,9,FEMALE,3,FULLY SUBSIDISED MEALS,,30-Oct-2323,51,70,17
2024-09-23,ENUMERATOR #3,Monduli,4,Watu_wa_Mungu Primary,410,39,STUDENT | ZGK PR,9,Male,3,FULLY SUBSIDISED MEALS,,15-Aug-2424,72,67,24
2024-09-24,ENUMERATOR #3,Monduli,4,Uhuru Primary,4088,40,STUDENT | PLV KU,7,Male,2,NO SUBSIDY,,,47,68,28
2024-09-23,ENUMERATOR #4,Monduli,4,Watu_wa_Mungu Primary,410,41,STUDENT | WXC QQ,9,male,3,NO SUBSIDY,,,55,61,45
2024-09-24,ENUMERATOR #4,Monduli,4,Uhuru Primary,4088,42,STUDENT | YPH GC,8,FEMALE,2,NO SUBSIDY,,,48,75,46
2024-09-23,ENUMERATOR #4,Monduli,4,Watu_wa_Mungu Primary,410,43,STUDENT | RGO DP,6,Male,2,FULLY SUBSIDISED MEALS,,,39,63,46
2024-09-23,ENUMERATOR #4,Monduli,4,Usalama Primary,409,44,STUDENT | FJT UW,7,Male,2,NO SUBSIDY,,,38,82,46
2024-09-24,ENUMERATOR #4,Ngorongoro,5,Jirani Primary,502,45,STUDENT | WVY RG,9,Female,3,NO SUBSIDY,,,34,61,37
2024-09-23,ENUMERATOR #4,Monduli,4,Watu_wa_Mungu Primary,410,46,STUDENT | ADD SW,9,MALE,3,NO SUBSIDY,,,72,68,43
2024-09-24,ENUMERATOR #4,Ngorongoro,5,Jirani Primary,502,47,STUDENT | TYL IM,9,F emale,3,FULLY SUBSIDISED MEALS,,,91,73,45
2024-09-24,ENUMERATOR #4,Monduli,4,Watu_wa_Mungu Primary,410,48,STUDENT | BLO NV,6,FEMALE,2,Other (Specify),Partially subsidised,,73,75,48
2024-09-23,ENUMERATOR #4,Ngorongoro,5,Mbuyuni Primary,505,49,STUDENT | QOC FG,7,FEMALE,2,NO SUBSIDY,,,59,65,36
2024-09-23,ENUMERATOR #4,Monduli,4,Watu_wa_Mungu Primary,410,50,STUDENT | SEH LT,7,MALE,2,NO SUBSIDY,,,38,79,46
2024-09-23,ENUMERATOR #5,Monduli,4,Watu_wa_Mungu Primary,410,51,STUDENT | IHB HX,10,Male,3,Other (Specify),Partially subsidised,,69,76,50
2024-09-23,ENUMERATOR #5,Monduli,4,Usalama Primary,409,52,STUDENT | FKQ KJ,9,FEMALE,3,NO SUBSIDY,,,87,71,52
2024-09-24,ENUMERATOR #5,Monduli,4,Uhuru Primary,4088,53,STUDENT | KZH UQ,9,Female,3,NO SUBSIDY,,03-Feb-2424,42,51,53
2024-09-24,ENUMERATOR #5,Monduli,4,Uhuru Primary,4088,54,STUDENT | TVI DY,7,MALE,2,NO SUBSIDY,,,48,73,54
2024-09-23,ENUMERATOR #5,Ngorongoro,5,Jirani Primary,502,55,STUDENT | XLM ET,9,Female,3,Other (Specify),Partially subsidised,,37,77,50
2024-09-24,ENUMERATOR #5,Ngorongoro,5,Jirani Primary,502,56,STUDENT | GYR WV,7,MALE,2,FULLY SUBSIDISED MEALS,,,69,64,48
2024-09-24,ENUMERATOR #5,Monduli,4,Usalama Primary,409,57,STUDENT | MUP TZ,9,Female,3,NO SUBSIDY,,,61,64,41
2024-09-24,ENUMERATOR #5,Ngorongoro,5,Mbuyuni Primary,505,58,STUDENT | QBT BF,8,Female,2,FULLY SUBSIDISED MEALS,,,59,60,37
2024-09-24,ENUMERATOR #5,Monduli,4,Usalama Primary,409,59,STUDENT | LXD AD,6,Female,2,NO SUBSIDY,,,54,68,54
2024-09-24,ENUMERATOR #5,Monduli,4,Usalama Primary,409,60,STUDENT | QOZ BX,6,male,2,NO SUBSIDY,,,34,67,36
2024-09-24,ENUMERATOR #6,Monduli,4,Uhuru Primary,4088,61,STUDENT | DGL PM,9,Male,3,NO SUBSIDY,,,76,91,39
2024-09-24,ENUMERATOR #6,Ngorongoro,5,Jirani Primary,502,62,STUDENT | HQE IF,7,FEMALE,2,NO SUBSIDY,,,57,64,53
2024-09-23,ENUMERATOR #6,Monduli,4,Uhuru Primary,4088,63,STUDENT | IFP AU,7,male,2,NO SUBSIDY,,,71,66,43
2024-09-23,ENUMERATOR #6,Ngorongoro,5,Mbuyuni Primary,505,64,STUDENT | CJR AO,10,Male,3,FULLY SUBSIDISED MEALS,,22-Nov-2323,40,58,50
2024-09-23,ENUMERATOR #6,Ngorongoro,5,Jirani Primary,502,65,STUDENT | TZM ME,6,Female,2,NO SUBSIDY,,,45,57,47
2024-09-23,ENUMERATOR #6,Monduli,4,Watu_wa_Mungu Primary,410,66,STUDENT | VLF SA,10,Female,3,NO SUBSIDY,,,54,73,52
2024-09-24,ENUMERATOR #6,Monduli,4,Uhuru Primary,4088,67,STUDENT | FWM BB,8,Female,2,FULLY SUBSIDISED MEALS,,,40,53,44
2024-09-23,ENUMERATOR #6,Monduli,4,Uhuru Primary,4088,68,STUDENT | URB ST,9,Female,3,Other (Specify),Partially subsidised,28-Apr-2424,53,76,44
2024-09-24,ENUMERATOR #6,Monduli,4,Watu_wa_Mungu Primary,410,69,STUDENT | QDY VQ,8,FEMALE,2,NO SUBSIDY,,16-Oct-2323,37,74,37
2024-09-24,ENUMERATOR #6,Monduli,4,Uhuru Primary,4088,70,STUDENT | YPF WK,9,F emale,3,FULLY SUBSIDISED MEALS,,04-Jan-2424,54,68,40
2024-09-23,ENUMERATOR #7,Monduli,4,Watu_wa_Mungu Primary,410,71,STUDENT | SHA XC,7,FEMALE,2,NO SUBSIDY,,,44,71,41
2024-09-23,ENUMERATOR #7,Ngorongoro,5,Mbuyuni Primary,505,72,STUDENT | KTI YQ,9,male,3,FULLY SUBSIDISED MEALS,,03-Nov-2323,57,85,44
2024-09-23,ENUMERATOR #7,Ngorongoro,5,Mbuyuni Primary,505,73,STUDENT | KHN PS,10,MALE,3,FULLY SUBSIDISED MEALS,,08-Sep-2424,57,49,36
2024-09-23,ENUMERATOR #7,Monduli,4,Uhuru Primary,4088,74,STUDENT | ZEL FB,6,female,2,FULLY SUBSIDISED MEALS,,,36,70,44
2024-09-24,ENUMERATOR #7,Monduli,4,Watu_wa_Mungu Primary,410,75,STUDENT | YKP PL,7,Male,2,NO SUBSIDY,,26-Sep-2323,55,65,36
2024-09-24,ENUMERATOR #7,Monduli,4,Uhuru Primary,4088,76,STUDENT | GEU LY,6,Male,2,NO SUBSIDY,,,58,53,52
2024-09-23,ENUMERATOR #7,Monduli,4,Watu_wa_Mungu Primary,410,77,STUDENT | UIX VC,6,male,2,FULLY SUBSIDISED MEALS,,,42,76,43
2024-09-23,ENUMERATOR #7,Monduli,4,Uhuru Primary,4088,78,STUDENT | AND IK,10,Male,3,FULLY SUBSIDISED MEALS,,,49,67,53
2024-09-23,ENUMERATOR #7,Monduli,4,Uhuru Primary,4088,79,STUDENT | SQH LX,6,male,2,NO SUBSIDY,,,87,73,38
2024-09-24,ENUMERATOR #7,Ngorongoro,5,Jirani Primary,502,80,STUDENT | HYI RT,6,FEMALE,2,FULLY SUBSIDISED MEALS,,,84,61,47
2024-09-24,ENUMERATOR #8,Ngorongoro,5,Mbuyuni Primary,505,81,STUDENT | MPZ IP,8,Female,2,NO SUBSIDY,,13-Oct-2323,37,65,46
2024-09-23,ENUMERATOR #8,Ngorongoro,5,Jirani Primary,502,82,STUDENT | CMH WW,8,FEMALE,2,NO SUBSIDY,,,44,82,38
2024-09-24,ENUMERATOR #8,Monduli,4,Watu_wa_Mungu Primary,410,83,STUDENT | CPW GC,10,FEMALE,3,FULLY SUBSIDISED MEALS,,,53,68,37
2024-09-24,ENUMERATOR #8,Monduli,4,Usalama Primary,409,84,STUDENT | UIP NU,9,MALE,3,FULLY SUBSIDISED MEALS,,,57,69,41
2024-09-23,ENUMERATOR #8,Monduli,4,Watu_wa_Mungu Primary,410,85,STUDENT | QSN RL,8,Female,2,FULLY SUBSIDISED MEALS,,,80,73,52
2024-09-24,ENUMERATOR #8,Monduli,4,Uhuru Primary,4088,86,STUDENT | MFY ZY,7,MALE,2,NO SUBSIDY,,,49,61,53
2024-09-24,ENUMERATOR #8,Monduli,4,Watu_wa_Mungu Primary,410,87,STUDENT | GZQ SY,9,MALE,3,NO SUBSIDY,,,81,61,41
2024-09-23,ENUMERATOR #8,Monduli,4,Watu_wa_Mungu Primary,410,88,STUDENT | OTK VA,8,Female,2,NO SUBSIDY,,,71,70,48
2024-09-24,ENUMERATOR #8,Monduli,4,Watu_wa_Mungu Primary,410,89,STUDENT | GMP SK,8,Female,2,NO SUBSIDY,,02-May-2424,54,65,54
2024-09-23,ENUMERATOR #8,Monduli,4,Uhuru Primary,4088,90,STUDENT | BLV WP,8,male,2,NO SUBSIDY,,,71,68,50
2024-09-23,ENUMERATOR #9,Monduli,4,Watu_wa_Mungu Primary,410,91,STUDENT | QQL CY,6,MALE,2,Other (Specify),Partially subsidised,,57,72,45
2024-09-24,ENUMERATOR #9,Ngorongoro,5,Jirani Primary,502,92,STUDENT | OSK NS,10,FEMALE,3,NO SUBSIDY,,,54,69,46
2024-09-23,ENUMERATOR #9,Monduli,4,Usalama Primary,409,93,STUDENT | ILI TC,7,Male,2,NO SUBSIDY,,,63,60,53
2024-09-23,ENUMERATOR #9,Ngorongoro,5,Mbuyuni Primary,505,94,STUDENT | ZQS JR,9,Female,3,Other (Specify),Partially subsidised,,60,60,37
2024-09-23,ENUMERATOR #9,Ngorongoro,5,Mbuyuni Primary,505,95,STUDENT | RYI II,7,Male,2,NO SUBSIDY,,,62,56,50
2024-09-24,ENUMERATOR #9,Ngorongoro,5,Mbuyuni Primary,505,96,STUDENT | BJA XU,6,female,2,NO SUBSIDY,,,66,70,36
2024-09-23,ENUMERATOR #9,Monduli,4,Watu_wa_Mungu Primary,410,98,STUDENT | GUP DW,7,F emale,2,FULLY SUBSIDISED MEALS,,,71,70,47
2024-09-24,ENUMERATOR #9,Monduli,4,Watu_wa_Mungu Primary,410,99,STUDENT | DLZ GG,9,Female,3,FULLY SUBSIDISED MEALS,,,90,61,45
2024-09-24,ENUMERATOR #9,Monduli,4,Watu_wa_Mungu Primary,410,100,STUDENT | MIW WK,9,Female,3,NO SUBSIDY,,02-Mar-2424,62,88,46
2024-09-23,ENUMERATOR #10,Monduli,4,Watu_wa_Mungu Primary,410,101,STUDENT | PTC VX,7,FEMALE,2,FULLY SUBSIDISED MEALS,,,39,43,37
2024-09-24,ENUMERATOR #10,Monduli,4,Usalama Primary,409,102,STUDENT | RTS ML,10,male,3,NO SUBSIDY,,,48,68,41
2024-09-24,ENUMERATOR #10,Ngorongoro,5,Jirani Primary,502,103,STUDENT | AQM GV,9,FEMALE,3,NO SUBSIDY,,,32,71,40
2024-09-24,ENUMERATOR #10,Ngorongoro,5,Mbuyuni Primary,505,104,STUDENT | PDM EQ,9,Female,3,NO SUBSIDY,,,67,73,49
2024-09-23,ENUMERATOR #10,Monduli,4,Uhuru Primary,4088,105,STUDENT | TTR IC,8,Female,2,FULLY SUBSIDISED MEALS,,,70,79,47
2024-09-24,ENUMERATOR #10,Monduli,4,Watu_wa_Mungu Primary,410,106,STUDENT | FRA MU,6,MALE,2,FULLY SUBSIDISED MEALS,,,76,71,45
2024-09-23,ENUMERATOR #10,Monduli,4,Uhuru Primary,4088,107,STUDENT | ZFL RA,8,Male,2,NO SUBSIDY,,,32,52,50
2024-09-24,ENUMERATOR #10,Ngorongoro,5,Mbuyuni Primary,505,108,STUDENT | AQE PB,9,MALE,3,NO SUBSIDY,,20-Sep-2323,58,62,37
2024-09-23,ENUMERATOR #10,Monduli,4,Watu_wa_Mungu Primary,410,109,STUDENT | LQU WO,8,male,2,FULLY SUBSIDISED MEALS,,,75,74,49
2024-09-24,ENUMERATOR #10,Monduli,4,Uhuru Primary,4088,110,STUDENT | YIF DN,9,Female,3,NO SUBSIDY,,,68,97,40
2024-09-23,ENUMERATOR #11,Ngorongoro,5,Mbuyuni Primary,505,111,STUDENT | JGQ ZT,6,Male,2,NO SUBSIDY,,,68,78,41
2024-09-24,ENUMERATOR #11,Monduli,4,Watu_wa_Mungu Primary,410,112,STUDENT | HLD CT,9,Female,3,FULLY SUBSIDISED MEALS,,,44,82,49
2024-09-24,ENUMERATOR #11,Monduli,4,Watu_wa_Mungu Primary,410,113,STUDENT | IWM KP,7,MALE,2,FULLY SUBSIDISED MEALS,,21-Sep-2323,70,57,52
2024-09-24,ENUMERATOR #11,Ngorongoro,5,Jirani Primary,502,114,STUDENT | QVO GX,10,Male,3,Other (Specify),Partially subsidised,28-Sep-2424,38,72,48
2024-09-23,ENUMERATOR #11,Monduli,4,Uhuru Primary,4088,115,STUDENT | BSV DX,6,Female,2,NO SUBSIDY,,02-Aug-2424,44,57,44
2024-09-24,ENUMERATOR #11,Monduli,4,Watu_wa_Mungu Primary,410,116,STUDENT | VZE YP,9,Female,3,FULLY SUBSIDISED MEALS,,,53,84,39
2024-09-24,ENUMERATOR #11,Ngorongoro,5,Mbuyuni Primary,505,117,STUDENT | OMG MD,9,male,3,NO SUBSIDY,,10-Oct-2323,51,64,54
2024-09-24,ENUMERATOR #11,Monduli,4,Watu_wa_Mungu Primary,410,119,STUDENT | GOU IO,8,MALE,2,NO SUBSIDY,,18-Dec-2323,60,85,45
2024-09-24,ENUMERATOR #11,Monduli,4,Usalama Primary,409,120,STUDENT | IJO TH,7,Female,2,FULLY SUBSIDISED MEALS,,,41,79,46
2024-09-24,ENUMERATOR #12,Ngorongoro,5,Mbuyuni Primary,505,122,STUDENT | JIJ OO,7,Female,2,FULLY SUBSIDISED MEALS,,27-Jul-2424,63,62,45
2024-09-24,ENUMERATOR #12,Ngorongoro,5,Jirani Primary,502,123,STUDENT | KZX ZI,9,Female,3,NO SUBSIDY,,,71,95,42
2024-09-23,ENUMERATOR #12,Ngorongoro,5,Jirani Primary,502,124,STUDENT | GGP JE,7,Female,2,NO SUBSIDY,,27-Sep-2323,62,73,53
2024-09-24,ENUMERATOR #12,Monduli,4,Uhuru Primary,4088,125,STUDENT | FGD WR,7,male,2,NO SUBSIDY,,17-Oct-2323,52,75,37
2024-09-23,ENUMERATOR #12,Ngorongoro,5,Mbuyuni Primary,505,126,STUDENT | HQV MR,10,FEMALE,3,Other (Specify),Partially subsidised,09-May-2424,41,95,47
2024-09-24,ENUMERATOR #12,Monduli,4,Watu_wa_Mungu Primary,410,127,STUDENT | LGY AJ,9,FEMALE,3,FULLY SUBSIDISED MEALS,,,45,60,54
2024-09-23,ENUMERATOR #12,Monduli,4,Watu_wa_Mungu Primary,410,128,STUDENT | PVZ LJ,6,Female,2,FULLY SUBSIDISED MEALS,,25-Aug-2323,35,95,47
2024-09-23,ENUMERATOR #12,Monduli,4,Uhuru Primary,4088,129,STUDENT | ORS WJ,7,Male,2,NO SUBSIDY,,,66,68,42
2024-09-23,ENUMERATOR #12,Monduli,4,Uhuru Primary,4088,130,STUDENT | MIF OJ,7,Male,2,NO SUBSIDY,,,62,84,38
2024-09-24,ENUMERATOR #13,Monduli,4,Usalama Primary,409,131,STUDENT | RDI BT,9,Male,3,FULLY SUBSIDISED MEALS,,,64,60,50
2024-09-24,ENUMERATOR #13,Ngorongoro,5,Mbuyuni Primary,505,132,STUDENT | TBI BQ,10,Female,3,FULLY SUBSIDISED MEALS,,10-Mar-2424,49,61,43
2024-09-24,ENUMERATOR #13,Monduli,4,Uhuru Primary,4088,133,STUDENT | VAJ ZM,9,MALE,3,NO SUBSIDY,,15-Jun-2424,69,52,47
2024-09-24,ENUMERATOR #13,Monduli,4,Watu_wa_Mungu Primary,410,134,STUDENT | GNH IT,6,Female,2,NO SUBSIDY,,,67,60,40
2024-09-23,ENUMERATOR #13,Monduli,4,Uhuru Primary,4088,135,STUDENT | EES BQ,7,male,2,NO SUBSIDY,,06-Sep-2424,53,51,46
2024-09-23,ENUMERATOR #13,Monduli,4,Watu_wa_Mungu Primary,410,136,STUDENT | IOX EO,7,MALE,2,FULLY SUBSIDISED MEALS,,,60,73,49
2024-09-23,ENUMERATOR #13,Ngorongoro,5,Mbuyuni Primary,505,138,STUDENT | XOM QO,7,FEMALE,2,NO SUBSIDY,,28-Mar-2424,74,79,45
2024-09-23,ENUMERATOR #13,Monduli,4,Uhuru Primary,4088,139,STUDENT | MGY ZY,6,F emale,2,NO SUBSIDY,,,86,72,52
2024-09-24,ENUMERATOR #13,Monduli,4,Uhuru Primary,4088,140,STUDENT | ODJ IO,6,MALE,2,FULLY SUBSIDISED MEALS,,,66,63,51
2024-09-24,ENUMERATOR #14,Monduli,4,Usalama Primary,409,142,STUDENT | UKQ RS,7,Male,2,NO SUBSIDY,,05-Sep-2323,68,70,37
2024-09-23,ENUMERATOR #14,Monduli,4,Watu_wa_Mungu Primary,410,143,STUDENT | ZOD AC,7,Male,2,FULLY SUBSIDISED MEALS,,,69,56,54
2024-09-23,ENUMERATOR #14,Monduli,4,Uhuru Primary,4088,144,STUDENT | JHP VH,6,Female,2,NO SUBSIDY,,06-Dec-2323,95,67,36
2024-09-24,ENUMERATOR #14,Monduli,4,Uhuru Primary,4088,145,STUDENT | RCF ZF,6,FEMALE,2,FULLY SUBSIDISED MEALS,,,86,78,40
2024-09-24,ENUMERATOR #14,Ngorongoro,5,Jirani Primary,502,146,STUDENT | UUZ JR,6,Female,2,FULLY SUBSIDISED MEALS,,19-Feb-2424,52,72,39
2024-09-23,ENUMERATOR #14,Monduli,4,Watu_wa_Mungu Primary,410,147,STUDENT | XEG MH,8,male,2,NO SUBSIDY,,,62,69,48
2024-09-24,ENUMERATOR #14,Monduli,4,Uhuru Primary,4088,148,STUDENT | OLZ AW,8,Male,2,FULLY SUBSIDISED MEALS,,11-Aug-2424,51,65,38
2024-09-24,ENUMERATOR #14,Ngorongoro,5,Mbuyuni Primary,505,149,STUDENT | WAO UQ,7,Male,2,FULLY SUBSIDISED MEALS,,,77,71,45
2024-09-24,ENUMERATOR #14,Ngorongoro,5,Jirani Primary,502,150,STUDENT | YSN PZ,8,male,2,FULLY SUBSIDISED MEALS,,,75,70,44
2024-09-24,ENUMERATOR #15,Monduli,4,Uhuru Primary,4088,151,STUDENT | YZX UZ,8,Female,2,FULLY SUBSIDISED MEALS,,28-Sep-2424,60,89,42
2024-09-23,ENUMERATOR #15,Ngorongoro,5,Mbuyuni Primary,505,152,STUDENT | GJO MJ,7,Male,2,NO SUBSIDY,,,57,64,45
2024-09-24,ENUMERATOR #15,Ngorongoro,5,Mbuyuni Primary,505,153,STUDENT | UZZ ZE,7,Female,2,NO SUBSIDY,,,73,75,52
2024-09-24,ENUMERATOR #15,Ngorongoro,5,Mbuyuni Primary,505,154,STUDENT | QYT KE,10,FEMALE,3,FULLY SUBSIDISED MEALS,,,75,64,35
2024-09-24,ENUMERATOR #15,Monduli,4,Uhuru Primary,4088,155,STUDENT | MXH PY,10,Female,3,NO SUBSIDY,,,55,72,52
2024-09-24,ENUMERATOR #15,Monduli,4,Watu_wa_Mungu Primary,410,157,STUDENT | AWS NQ,7,FEMALE,2,NO SUBSIDY,,,77,83,46
2024-09-24,ENUMERATOR #15,Monduli,4,Watu_wa_Mungu Primary,410,158,STUDENT | YSO VV,7,Female,2,NO SUBSIDY,,,57,64,45
2024-09-24,ENUMERATOR #15,Monduli,4,Watu_wa_Mungu Primary,410,159,STUDENT | RWV DN,10,Female,3,NO SUBSIDY,,,73,64,39
2024-09-23,ENUMERATOR #15,Ngorongoro,5,Jirani Primary,502,160,STUDENT | BMG GN,10,Male,3,FULLY SUBSIDISED MEALS,,,57,76,36
2024-09-23,ENUMERATOR #16,Ngorongoro,5,Mbuyuni Primary,505,161,STUDENT | RRY CY,7,FEMALE,2,NO SUBSIDY,,,67,68,53
2024-09-23,ENUMERATOR #16,Monduli,4,Uhuru Primary,4088,162,STUDENT | HJB FO,10,F emale,3,FULLY SUBSIDISED MEALS,,,54,71,44
2024-09-24,ENUMERATOR #16,Monduli,4,Uhuru Primary,4088,163,STUDENT | BDS HV,10,male,3,NO SUBSIDY,,,66,56,47
2024-09-23,ENUMERATOR #16,Monduli,4,Watu_wa_Mungu Primary,410,164,STUDENT | QPD MJ,7,female,2,NO SUBSIDY,,18-Mar-2424,24,83,50
2024-09-24,ENUMERATOR #16,Monduli,4,Uhuru Primary,4088,165,STUDENT | EKA AX,10,FEMALE,3,NO SUBSIDY,,,64,54,51
2024-09-23,ENUMERATOR #16,Monduli,4,Watu_wa_Mungu Primary,410,166,STUDENT | OKC EC,8,male,2,FULLY SUBSIDISED MEALS,,,57,100,52
2024-09-23,ENUMERATOR #16,Monduli,4,Usalama Primary,409,167,STUDENT | DJX MN,8,Female,2,NO SUBSIDY,,,78,74,45
2024-09-23,ENUMERATOR #16,Monduli,4,Usalama Primary,409,168,STUDENT | KVI CC,10,FEMALE,3,Other (Specify),Partially subsidised,,58,80,44
2024-09-23,ENUMERATOR #16,Monduli,4,Uhuru Primary,4088,169,STUDENT | CHO GZ,8,female,2,NO SUBSIDY,,,91,83,46
2024-09-23,ENUMERATOR #16,Monduli,4,Uhuru Primary,4088,170,STUDENT | HHA ZJ,8,MALE,2,FULLY SUBSIDISED MEALS,,,51,72,48
2024-09-23,ENUMERATOR #17,Monduli,4,Uhuru Primary,4088,172,STUDENT | MKB OL,7,female,2,NO SUBSIDY,,,70,69,36
2024-09-24,ENUMERATOR #17,Ngorongoro,5,Jirani Primary,502,174,STUDENT | IZZ DS,8,Male,2,NO SUBSIDY,,,61,69,52
2024-09-24,ENUMERATOR #17,Monduli,4,Usalama Primary,409,175,STUDENT | CYZ MW,8,Male,2,Other (Specify),Partially subsidised,,76,64,43
2024-09-24,ENUMERATOR #17,Monduli,4,Usalama Primary,409,176,STUDENT | JKL JH,7,Male,2,FULLY SUBSIDISED MEALS,,14-Sep-2323,34,74,53
2024-09-24,ENUMERATOR #17,Ngorongoro,5,Mbuyuni Primary,505,177,STUDENT | UXY QY,9,MALE,3,FULLY SUBSIDISED MEALS,,11-May-2424,54,63,39
2024-09-24,ENUMERATOR #17,Monduli,4,Watu_wa_Mungu Primary,410,178,STUDENT | VZC IH,8,FEMALE,2,NO SUBSIDY,,13-Oct-2323,99,63,47
2024-09-23,ENUMERATOR #17,Monduli,4,Usalama Primary,409,179,STUDENT | OAO KF,10,MALE,3,FULLY SUBSIDISED MEALS,,,69,61,43
2024-09-23,ENUMERATOR #17,Monduli,4,Usalama Primary,409,180,STUDENT | XXM CM,8,male,2,FULLY SUBSIDISED MEALS,,,49,69,44
2024-09-24,ENUMERATOR #18,Ngorongoro,5,Mbuyuni Primary,505,181,STUDENT | RPR GQ,9,male,3,NO SUBSIDY,,14-Oct-2323,54,58,37
2024-09-24,ENUMERATOR #18,Monduli,4,Usalama Primary,409,182,STUDENT | ZEI HJ,8,Female,2,NO SUBSIDY,,,63,65,47
2024-09-23,ENUMERATOR #18,Monduli,4,Uhuru Primary,4088,184,STUDENT | YVS JN,8,FEMALE,2,NO SUBSIDY,,,63,57,39
2024-09-24,ENUMERATOR #18,Monduli,4,Watu_wa_Mungu Primary,410,185,STUDENT | BKF KA,10,female,3,NO SUBSIDY,,,59,81,36
2024-09-24,ENUMERATOR #18,Ngorongoro,5,Mbuyuni Primary,505,186,STUDENT | NCV SK,7,Male,2,FULLY SUBSIDISED MEALS,,,48,80,49
2024-09-24,ENUMERATOR #18,Monduli,4,Usalama Primary,409,188,STUDENT | QDU OA,9,Female,3,NO SUBSIDY,,,52,62,39
2024-09-23,ENUMERATOR #18,Monduli,4,Usalama Primary,409,189,STUDENT | REN KU,7,male,2,NO SUBSIDY,,04-Aug-2323,49,62,53
2024-09-23,ENUMERATOR #18,Monduli,4,Usalama Primary,409,190,STUDENT | OGN SC,7,MALE,2,NO SUBSIDY,,,56,80,46
2024-09-23,ENUMERATOR #19,Monduli,4,Uhuru Primary,4088,191,STUDENT | VMI IK,6,MALE,2,FULLY SUBSIDISED MEALS,,,51,68,51
2024-09-24,ENUMERATOR #19,Monduli,4,Uhuru Primary,4088,192,STUDENT | AFN DF,8,Female,2,FULLY SUBSIDISED MEALS,,,56,64,50
2024-09-24,ENUMERATOR #19,Monduli,4,Watu_wa_Mungu Primary,410,194,STUDENT | WSK CQ,10,Female,3,NO SUBSIDY,,,43,68,44
2024-09-23,ENUMERATOR #19,Monduli,4,Uhuru Primary,4088,195,STUDENT | NTN LO,8,Male,2,NO SUBSIDY,,,51,76,42
2024-09-23,ENUMERATOR #19,Monduli,4,Uhuru Primary,4088,196,STUDENT | PHG MP,7,MALE,2,NO SUBSIDY,,,81,79,42
2024-09-24,ENUMERATOR #19,Monduli,4,Uhuru Primary,4088,197,STUDENT | OXO BT,7,male,2,NO SUBSIDY,,,64,74,50
2024-09-23,ENUMERATOR #19,Ngorongoro,5,Mbuyuni Primary,505,198,STUDENT | WMH DZ,7,Male,2,FULLY SUBSIDISED MEALS,,15-Oct-2323,63,65,51
2024-09-24,ENUMERATOR #19,Ngorongoro,5,Mbuyuni Primary,505,200,STUDENT | VFR OA,7,Female,2,NO SUBSIDY,,,58,68,47
2024-09-23,ENUMERATOR #20,Monduli,4,Watu_wa_Mungu Primary,410,201,STUDENT | JLM MU,7,Female,2,NO SUBSIDY,,,85,65,45
2024-09-23,ENUMERATOR #20,Monduli,4,Uhuru Primary,4088,202,STUDENT | LXT SP,9,Male,3,NO SUBSIDY,,,65,56,39
2024-09-23,ENUMERATOR #20,Monduli,4,Usalama Primary,409,204,STUDENT | ZDR WC,7,female,2,FULLY SUBSIDISED MEALS,,22-Nov-2323,73,69,53
2024-09-24,ENUMERATOR #20,Ngorongoro,5,Mbuyuni Primary,505,205,STUDENT | JYP FI,8,Male,2,FULLY SUBSIDISED MEALS,,,74,79,35
2024-09-23,ENUMERATOR #20,Monduli,4,Watu_wa_Mungu Primary,410,206,STUDENT | TGO XD,7,Female,2,NO SUBSIDY,,24-Jul-2424,57,78,48
2024-09-23,ENUMERATOR #20,Ngorongoro,5,Mbuyuni Primary,505,207,STUDENT | ESQ GU,7,male,2,NO SUBSIDY,,,41,69,41
2024-09-24,ENUMERATOR #20,Monduli,4,Watu_wa_Mungu Primary,410,208,STUDENT | ZPV UL,9,FEMALE,3,FULLY SUBSIDISED MEALS,,06-Mar-2424,78,71,37
2024-09-23,ENUMERATOR #20,Monduli,4,Uhuru Primary,4088,209,STUDENT | NSE ER,8,female,2,NO SUBSIDY,,,63,58,54
2024-09-24,ENUMERATOR #20,Monduli,4,Uhuru Primary,4088,210,STUDENT | VUZ LN,9,Female,3,FULLY SUBSIDISED MEALS,,01-Apr-2424,83,76,53
2024-09-24,ENUMERATOR #21,Monduli,4,Usalama Primary,409,211,STUDENT | CXP DJ,8,FEMALE,2,FULLY SUBSIDISED MEALS,,14-Sep-2323,72,73,44
2024-09-23,ENUMERATOR #21,Ngorongoro,5,Jirani Primary,502,212,STUDENT | DJN CL,10,Female,3,NO SUBSIDY,,,87,64,40
2024-09-23,ENUMERATOR #21,Ngorongoro,5,Jirani Primary,502,213,STUDENT | ZXB YN,9,Female,3,NO SUBSIDY,,,77,55,35
2024-09-24,ENUMERATOR #21,Monduli,4,Usalama Primary,409,214,STUDENT | JVR XK,10,male,3,FULLY SUBSIDISED MEALS,,,60,78,43
2024-09-23,ENUMERATOR #21,Monduli,4,Uhuru Primary,4088,215,STUDENT | SRC AF,7,Male,2,FULLY SUBSIDISED MEALS,,,45,64,43
2024-09-23,ENUMERATOR #21,Ngorongoro,5,Jirani Primary,502,216,STUDENT | ITL DJ,10,male,3,NO SUBSIDY,,26-Apr-2424,19,63,38
2024-09-24,ENUMERATOR #21,Ngorongoro,5,Mbuyuni Primary,505,218,STUDENT | GPD PO,9,Male,3,NO SUBSIDY,,,50,78,37
2024-09-24,ENUMERATOR #21,Monduli,4,Uhuru Primary,4088,219,STUDENT | LDH WV,8,Female,2,FULLY SUBSIDISED MEALS,,08-Sep-2323,74,71,50
2024-09-24,ENUMERATOR #21,Ngorongoro,5,Jirani Primary,502,220,STUDENT | YKB JK,9,Female,3,NO SUBSIDY,,21-Sep-2323,62,60,48
2024-09-24,ENUMERATOR #22,Monduli,4,Uhuru Primary,4088,221,STUDENT | UHJ BS,10,Male,3,NO SUBSIDY,,10-Nov-2323,66,65,46
2024-09-23,ENUMERATOR #22,Monduli,4,Watu_wa_Mungu Primary,410,222,STUDENT | NAY FX,7,MALE,2,Other (Specify),Partially subsidised,16-Sep-2323,53,62,40
2024-09-23,ENUMERATOR #22,Monduli,4,Uhuru Primary,4088,223,STUDENT | EZT KE,7,MALE,2,NO SUBSIDY,,,61,74,42
2024-09-23,ENUMERATOR #22,Monduli,4,Usalama Primary,409,224,STUDENT | KXU NV,9,female,3,FULLY SUBSIDISED MEALS,,,75,76,41
2024-09-24,ENUMERATOR #22,Ngorongoro,5,Mbuyuni Primary,505,225,STUDENT | YIR RK,8,FEMALE,2,NO SUBSIDY,,,73,73,38
2024-09-24,ENUMERATOR #22,Ngorongoro,5,Mbuyuni Primary,505,226,STUDENT | MRY XF,7,FEMALE,2,NO SUBSIDY,,29-Oct-2323,55,68,39
2024-09-24,ENUMERATOR #22,Monduli,4,Uhuru Primary,4088,227,STUDENT | DQL PE,7,Male,2,FULLY SUBSIDISED MEALS,,,60,69,51
2024-09-23,ENUMERATOR #22,Monduli,4,Uhuru Primary,4088,228,STUDENT | DEF RA,8,male,2,FULLY SUBSIDISED MEALS,,,64,77,48
2024-09-23,ENUMERATOR #22,Ngorongoro,5,Mbuyuni Primary,505,229,STUDENT | SRL VD,9,male,3,NO SUBSIDY,,,70,73,53
2024-09-23,ENUMERATOR #22,Ngorongoro,5,Mbuyuni Primary,505,230,STUDENT | VZR BE,9,female,3,FULLY SUBSIDISED MEALS,,23-Dec-2323,84,53,42
2024-09-24,ENUMERATOR #23,Ngorongoro,5,Mbuyuni Primary,505,231,STUDENT | NLF TJ,9,Female,3,FULLY SUBSIDISED MEALS,,,8,87,43
2024-09-23,ENUMERATOR #23,Monduli,4,Uhuru Primary,4088,233,STUDENT | KAO ZX,10,Male,3,FULLY SUBSIDISED MEALS,,,55,65,37
2024-09-23,ENUMERATOR #23,Ngorongoro,5,Mbuyuni Primary,505,235,STUDENT | EGO EK,8,MALE,2,NO SUBSIDY,,,9,55,49
2024-09-23,ENUMERATOR #23,Monduli,4,Watu_wa_Mungu Primary,410,236,STUDENT | JKQ BO,8,Male,2,NO SUBSIDY,,09-May-2424,9,74,46
2024-09-24,ENUMERATOR #23,Monduli,4,Uhuru Primary,4088,237,STUDENT | XEL GN,9,FEMALE,3,NO SUBSIDY,,,43,71,51
2024-09-24,ENUMERATOR #23,Monduli,4,Watu_wa_Mungu Primary,410,238,STUDENT | PNB XG,7,Female,2,NO SUBSIDY,,16-Jul-2424,57,86,40
2024-09-24,ENUMERATOR #23,Ngorongoro,5,Jirani Primary,502,239,STUDENT | UJN TH,9,Male,3,FULLY SUBSIDISED MEALS,,,8,61,45
2024-09-24,ENUMERATOR #24,Monduli,4,Uhuru Primary,4088,241,STUDENT | HFU QO,9,Male,3,Other (Specify),Partially subsidised,,65,54,44
2024-09-23,ENUMERATOR #24,Monduli,4,Watu_wa_Mungu Primary,410,242,STUDENT | MDA HE,6,Male,2,NO SUBSIDY,,,62,67,37
2024-09-24,ENUMERATOR #24,Monduli,4,Usalama Primary,409,243,STUDENT | NOY MZ,9,MALE,3,FULLY SUBSIDISED MEALS,,,58,50,54
2024-09-24,ENUMERATOR #24,Monduli,4,Uhuru Primary,4088,244,STUDENT | BBS FQ,7,MALE,2,NO SUBSIDY,,05-Mar-2424,88,61,50
2024-09-23,ENUMERATOR #24,Ngorongoro,5,Jirani Primary,502,245,STUDENT | DAI DF,8,Male,2,NO SUBSIDY,,,62,59,43
2024-09-23,ENUMERATOR #24,Monduli,4,Watu_wa_Mungu Primary,410,246,STUDENT | JMQ CG,8,MALE,2,NO SUBSIDY,,03-Jun-2424,36,79,50
2024-09-23,ENUMERATOR #24,Monduli,4,Watu_wa_Mungu Primary,410,247,STUDENT | RAS BW,10,male,3,FULLY SUBSIDISED MEALS,,20-Feb-2424,82,64,49
2024-09-24,ENUMERATOR #24,Ngorongoro,5,Mbuyuni Primary,505,248,STUDENT | TZP IV,8,Female,2,NO SUBSIDY,,29-Sep-2323,63,47,38
2024-09-24,ENUMERATOR #24,Monduli,4,Uhuru Primary,4088,249,STUDENT | GSO CS,10,female,3,FULLY SUBSIDISED MEALS,,,65,75,38
2024-09-23,ENUMERATOR #24,Monduli,4,Usalama Primary,409,250,STUDENT | SEA KZ,10,Female,3,NO SUBSIDY,,,73,66,40
2024-09-24,ENUMERATOR #25,Monduli,4,Uhuru Primary,4088,251,STUDENT | LWT KR,9,MALE,3,NO SUBSIDY,,,48,59,50
2024-09-23,ENUMERATOR #25,Monduli,4,Uhuru Primary,4088,252,STUDENT | NTV WQ,8,MALE,2,FULLY SUBSIDISED MEALS,,,82,88,37
2024-09-23,ENUMERATOR #25,Monduli,4,Uhuru Primary,4088,253,STUDENT | XNE QQ,7,Female,2,NO SUBSIDY,,,71,73,42
2024-09-23,ENUMERATOR #25,Monduli,4,Watu_wa_Mungu Primary,410,254,STUDENT | GRJ OE,10,Male,3,FULLY SUBSIDISED MEALS,,,60,63,43
2024-09-24,ENUMERATOR #25,Monduli,4,Usalama Primary,409,255,STUDENT | NMG AN,9,FEMALE,3,NO SUBSIDY,,,74,58,45
2024-09-24,ENUMERATOR #25,Monduli,4,Watu_wa_Mungu Primary,410,256,STUDENT | DCS AT,8,Male,2,Other (Specify),Partially subsidised,,66,47,54
2024-09-23,ENUMERATOR #25,Monduli,4,Uhuru Primary,4088,257,STUDENT | USE PK,7,MALE,2,FULLY SUBSIDISED MEALS,,,55,78,51
2024-09-24,ENUMERATOR #25,Monduli,4,Watu_wa_Mungu Primary,410,258,STUDENT | EMU WR,9,Female,3,NO SUBSIDY,,,60,59,35
2024-09-24,ENUMERATOR #25,Monduli,4,Uhuru Primary,4088,259,STUDENT | FWV YH,8,MALE,2,NO SUBSIDY,,29-Sep-2424,75,46,44
2024-09-23,ENUMERATOR #25,Ngorongoro,5,Mbuyuni Primary,505,260,STUDENT | PAG HD,7,FEMALE,2,FULLY SUBSIDISED MEALS,,14-Nov-2323,63,59,39
2024-09-24,ENUMERATOR #26,Monduli,4,Uhuru Primary,4088,261,STUDENT | RGC BT,8,FEMALE,2,Other (Specify),Partially subsidised,,61,74,45
2024-09-24,ENUMERATOR #26,Ngorongoro,5,Jirani Primary,502,262,STUDENT | POX HW,10,Male,3,FULLY SUBSIDISED MEALS,,,66,71,38
2024-09-23,ENUMERATOR #26,Monduli,4,Usalama Primary,409,263,STUDENT | RFD MM,9,Female,3,FULLY SUBSIDISED MEALS,,,83,70,49
2024-09-23,ENUMERATOR #26,Ngorongoro,5,Mbuyuni Primary,505,264,STUDENT | IYU GP,9,MALE,3,FULLY SUBSIDISED MEALS,,13-Dec-2323,69,57,46
2024-09-24,ENUMERATOR #26,Monduli,4,Usalama Primary,409,265,STUDENT | JOQ ZF,9,Female,3,FULLY SUBSIDISED MEALS,,,57,82,54
2024-09-24,ENUMERATOR #26,Monduli,4,Watu_wa_Mungu Primary,410,266,STUDENT | SYT LN,9,Female,3,FULLY SUBSIDISED MEALS,,,73,49,44
2024-09-23,ENUMERATOR #26,Ngorongoro,5,Jirani Primary,502,267,STUDENT | GIR QY,8,Male,2,FULLY SUBSIDISED MEALS,,10-Feb-2424,48,70,51
2024-09-24,ENUMERATOR #26,Ngorongoro,5,Mbuyuni Primary,505,268,STUDENT | QSI HJ,7,Female,2,NO SUBSIDY,,01-Apr-2424,45,90,54
2024-09-24,ENUMERATOR #26,Monduli,4,Watu_wa_Mungu Primary,410,269,STUDENT | IJQ BB,8,FEMALE,2,NO SUBSIDY,,30-Mar-2424,49,75,48
2024-09-23,ENUMERATOR #26,Monduli,4,Uhuru Primary,4088,270,STUDENT | IDR LR,8,Male,2,NO SUBSIDY,,28-May-2424,47,73,40
2024-09-24,ENUMERATOR #27,Ngorongoro,5,Mbuyuni Primary,505,271,STUDENT | SXG EJ,10,male,3,NO SUBSIDY,,,67,50,44
2024-09-23,ENUMERATOR #27,Ngorongoro,5,Mbuyuni Primary,505,272,STUDENT | UOB HE,6,MALE,2,NO SUBSIDY,,26-Sep-2323,48,67,52
2024-09-24,ENUMERATOR #27,Ngorongoro,5,Jirani Primary,502,273,STUDENT | ZCT EL,8,Female,2,NO SUBSIDY,,,59,69,40
2024-09-24,ENUMERATOR #27,Ngorongoro,5,Mbuyuni Primary,505,274,STUDENT | OTJ FU,9,Female,3,FULLY SUBSIDISED MEALS,,10-May-2424,78,84,53
2024-09-24,ENUMERATOR #27,Monduli,4,Watu_wa_Mungu Primary,410,275,STUDENT | FIA CD,7,Female,2,FULLY SUBSIDISED MEALS,,,69,77,48
2024-09-23,ENUMERATOR #27,Monduli,4,Uhuru Primary,4088,276,STUDENT | XKX DR,8,Male,2,Other (Specify),Partially subsidised,23-Sep-2424,87,70,37
2024-09-23,ENUMERATOR #27,Monduli,4,Watu_wa_Mungu Primary,410,277,STUDENT | ASQ SA,9,male,3,NO SUBSIDY,,14-Nov-2323,56,67,46
2024-09-23,ENUMERATOR #27,Monduli,4,Usalama Primary,409,278,STUDENT | VKM GW,8,FEMALE,2,NO SUBSIDY,,,63,76,38
2024-09-23,ENUMERATOR #27,Monduli,4,Usalama Primary,409,279,STUDENT | DKU DC,9,male,3,Other (Specify),Partially subsidised,24-Dec-2323,78,63,42
2024-09-24,ENUMERATOR #27,Monduli,4,Watu_wa_Mungu Primary,410,280,STUDENT | PWD MH,10,Female,3,NO SUBSIDY,,,55,77,37
2024-09-23,ENUMERATOR #28,Monduli,4,Uhuru Primary,4088,281,STUDENT | VEW BY,9,Male,3,NO SUBSIDY,,,55,68,53
2024-09-23,ENUMERATOR #28,Monduli,4,Uhuru Primary,4088,282,STUDENT | CAR OD,9,Male,3,NO SUBSIDY,,,59,76,39
2024-09-24,ENUMERATOR #28,Monduli,4,Watu_wa_Mungu Primary,410,283,STUDENT | MHX HG,9,FEMALE,3,NO SUBSIDY,,28-Nov-2323,71,71,39
2024-09-24,ENUMERATOR #28,Monduli,4,Watu_wa_Mungu Primary,410,284,STUDENT | XOT IB,6,Female,2,NO SUBSIDY,,11-Mar-2424,72,60,46
2024-09-24,ENUMERATOR #28,Monduli,4,Uhuru Primary,4088,285,STUDENT | LNL QI,6,FEMALE,2,FULLY SUBSIDISED MEALS,,07-Aug-2424,67,79,38
2024-09-23,ENUMERATOR #28,Monduli,4,Watu_wa_Mungu Primary,410,286,STUDENT | ODP MY,9,FEMALE,3,NO SUBSIDY,,14-Jul-2424,50,52,38
2024-09-24,ENUMERATOR #28,Monduli,4,Uhuru Primary,4088,287,STUDENT | OMK XP,7,MALE,2,NO SUBSIDY,,06-Dec-2323,51,64,51
2024-09-23,ENUMERATOR #28,Monduli,4,Uhuru Primary,4088,288,STUDENT | MIC HW,9,Female,3,NO SUBSIDY,,,70,81,40
2024-09-23,ENUMERATOR #28,Ngorongoro,5,Jirani Primary,502,289,STUDENT | XUV IK,6,Female,2,Other (Specify),Partially subsidised,,65,61,39
2024-09-23,ENUMERATOR #28,Monduli,4,Usalama Primary,409,290,STUDENT | YON ZP,8,Female,2,FULLY SUBSIDISED MEALS,,,74,46,37
2024-09-23,ENUMERATOR #29,Monduli,4,Uhuru Primary,4088,291,STUDENT | FLQ WF,6,Female,2,NO SUBSIDY,,,61,54,45
2024-09-23,ENUMERATOR #29,Ngorongoro,5,Mbuyuni Primary,505,292,STUDENT | YFE GG,6,Male,2,NO SUBSIDY,,23-Aug-2424,48,60,36
2024-09-24,ENUMERATOR #29,Ngorongoro,5,Jirani Primary,502,293,STUDENT | UVC UU,8,female,2,FULLY SUBSIDISED MEALS,,28-Sep-2323,65,59,38
2024-09-23,ENUMERATOR #29,Ngorongoro,5,Mbuyuni Primary,505,294,STUDENT | SGI JN,6,female,2,FULLY SUBSIDISED MEALS,,22-May-2424,75,87,45
2024-09-24,ENUMERATOR #29,Monduli,4,Uhuru Primary,4088,295,STUDENT | BIV DW,9,Female,3,NO SUBSIDY,,,33,67,39
2024-09-23,ENUMERATOR #29,Monduli,4,Watu_wa_Mungu Primary,410,296,STUDENT | ZGP GO,7,M male,2,NO SUBSIDY,,11-Apr-2424,83,73,46
2024-09-23,ENUMERATOR #29,Monduli,4,Usalama Primary,409,297,STUDENT | ZGJ CR,6,Female,2,FULLY SUBSIDISED MEALS,,,56,87,44
2024-09-23,ENUMERATOR #29,Monduli,4,Watu_wa_Mungu Primary,410,298,STUDENT | IZV UI,9,MALE,3,NO SUBSIDY,,08-Jun-2424,64,55,53
2024-09-23,ENUMERATOR #29,Ngorongoro,5,Mbuyuni Primary,505,299,STUDENT | OZF OR,7,F emale,2,NO SUBSIDY,,,78,82,40
2024-09-24,ENUMERATOR #29,Monduli,4,Usalama Primary,409,300,STUDENT | RYY GN,6,FEMALE,2,NO SUBSIDY,,,56,66,48
2024-09-24,ENUMERATOR #1,Monduli,4,Uhuru Primary,4088,,STUDENT | AQE NF,7,FEMALE,2,NO SUBSIDY,,07-Feb-2424,33,54,44
2024-09-24,ENUMERATOR #21,Ngorongoro,5,Mbuyuni Primary,505,,STUDENT | FNP UB,9,Female,3,NO SUBSIDY,,,25,58,48
2024-09-23,ENUMERATOR #17,Monduli,4,Watu_wa_Mungu Primary,410,,STUDENT | JVM IT,8,female,2,FULLY SUBSIDISED MEALS,,24-Dec-2323,71,50,47
2024-09-24,ENUMERATOR #14,Monduli,4,Usalama Primary,409,,STUDENT | XOO NK,9,male,3,NO SUBSIDY,,,54,76,53
2024-09-24,ENUMERATOR #23,Ngorongoro,5,Mbuyuni Primary,505,,STUDENT | QVO LI,9,FEMALE,3,NO SUBSIDY,,,43,80,47
2024-09-24,ENUMERATOR #15,Monduli,4,Usalama Primary,409,,STUDENT | HWF GX,7,Female,2,FULLY SUBSIDISED MEALS,,,69,68,49
2024-09-24,ENUMERATOR #18,Monduli,4,Watu_wa_Mungu Primary,410,,STUDENT | ICK IE,7,Female,2,NO SUBSIDY,,,61,80,38
2024-09-23,ENUMERATOR #13,Monduli,4,Watu_wa_Mungu Primary,410,,STUDENT | OBX OS,7,Female,2,NO SUBSIDY,,18-Sep-2323,65,61,51
2024-09-23,ENUMERATOR #17,Ngorongoro,5,Jirani Primary,502,,STUDENT | ICG KF,8,Male,2,FULLY SUBSIDISED MEALS,,,74,73,35
2024-09-24,ENUMERATOR #9,Ngorongoro,5,Mbuyuni Primary,505,,STUDENT | NCO RR,9,FEMALE,3,NO SUBSIDY,,,62,75,38
2024-09-24,ENUMERATOR #23,Ngorongoro,5,Mbuyuni Primary,505,,STUDENT | GVV FH,8,FEMALE,2,FULLY SUBSIDISED MEALS,,,10,62,39
2024-09-24,ENUMERATOR #18,Monduli,4,Uhuru Primary,4088,,STUDENT | DTM VC,7,Female,2,FULLY SUBSIDISED MEALS,,,74,59,54
2024-09-24,ENUMERATOR #19,Monduli,4,Watu_wa_Mungu Primary,410,,STUDENT | VTX JH,8,MALE,2,FULLY SUBSIDISED MEALS,,,71,52,41
2024-09-23,ENUMERATOR #12,Monduli,4,Watu_wa_Mungu Primary,410,,STUDENT | LAY GD,9,MALE,3,NO SUBSIDY,,30-Apr-2424,61,95,39
2024-09-23,ENUMERATOR #20,Ngorongoro,5,Jirani Primary,502,,STUDENT | AHD UX,45,male,3,FULLY SUBSIDISED MEALS,,,66,59,40
2024-09-23,ENUMERATOR #23,Monduli,4,Uhuru Primary,4088,,STUDENT | XYI DE,10,Male,3,FULLY SUBSIDISED MEALS,,,9,71,48
2024-09-24,ENUMERATOR #11,Monduli,4,Uhuru Primary,4088,,STUDENT | JNH DR,9,Male,3,FULLY SUBSIDISED MEALS,,07-Apr-2424,93,61,38
2024-09-24,ENUMERATOR #19,Ngorongoro,5,Mbuyuni Primary,505,,STUDENT | ZST EH,10,FEMALE,3,NO SUBSIDY,,,66,89,48
